CREATE DATABASE  IF NOT EXISTS `project` /*!40100 DEFAULT CHARACTER SET utf8mb4 COLLATE utf8mb4_0900_ai_ci */ /*!80016 DEFAULT ENCRYPTION='N' */;
USE `project`;
-- MySQL dump 10.13  Distrib 8.0.45, for Win64 (x86_64)
--
-- Host: localhost    Database: project
-- ------------------------------------------------------
-- Server version	8.0.45

/*!40101 SET @OLD_CHARACTER_SET_CLIENT=@@CHARACTER_SET_CLIENT */;
/*!40101 SET @OLD_CHARACTER_SET_RESULTS=@@CHARACTER_SET_RESULTS */;
/*!40101 SET @OLD_COLLATION_CONNECTION=@@COLLATION_CONNECTION */;
/*!50503 SET NAMES utf8 */;
/*!40103 SET @OLD_TIME_ZONE=@@TIME_ZONE */;
/*!40103 SET TIME_ZONE='+00:00' */;
/*!40014 SET @OLD_UNIQUE_CHECKS=@@UNIQUE_CHECKS, UNIQUE_CHECKS=0 */;
/*!40014 SET @OLD_FOREIGN_KEY_CHECKS=@@FOREIGN_KEY_CHECKS, FOREIGN_KEY_CHECKS=0 */;
/*!40101 SET @OLD_SQL_MODE=@@SQL_MODE, SQL_MODE='NO_AUTO_VALUE_ON_ZERO' */;
/*!40111 SET @OLD_SQL_NOTES=@@SQL_NOTES, SQL_NOTES=0 */;

--
-- Table structure for table `alembic_version`
--

DROP TABLE IF EXISTS `alembic_version`;
/*!40101 SET @saved_cs_client     = @@character_set_client */;
/*!50503 SET character_set_client = utf8mb4 */;
CREATE TABLE `alembic_version` (
  `version_num` varchar(32) NOT NULL,
  PRIMARY KEY (`version_num`)
) ENGINE=InnoDB DEFAULT CHARSET=utf8mb4 COLLATE=utf8mb4_0900_ai_ci;
/*!40101 SET character_set_client = @saved_cs_client */;

--
-- Dumping data for table `alembic_version`
--

LOCK TABLES `alembic_version` WRITE;
/*!40000 ALTER TABLE `alembic_version` DISABLE KEYS */;
INSERT INTO `alembic_version` VALUES ('cf79d29fb8cd');
/*!40000 ALTER TABLE `alembic_version` ENABLE KEYS */;
UNLOCK TABLES;

--
-- Table structure for table `analysis_results`
--

DROP TABLE IF EXISTS `analysis_results`;
/*!40101 SET @saved_cs_client     = @@character_set_client */;
/*!50503 SET character_set_client = utf8mb4 */;
CREATE TABLE `analysis_results` (
  `id` int NOT NULL AUTO_INCREMENT,
  `patient_id` int DEFAULT NULL,
  `patient_name` varchar(120) NOT NULL,
  `visit_date` date NOT NULL,
  `age` int NOT NULL,
  `height_cm` float NOT NULL,
  `weight_kg` float NOT NULL,
  `occupation` varchar(120) NOT NULL,
  `exercise_frequency` varchar(120) NOT NULL,
  `concentration_million_ml` float NOT NULL,
  `motility_percent` int NOT NULL,
  `morphology_percent` int NOT NULL,
  `dfi_percent` int NOT NULL,
  `morphology_class` varchar(50) DEFAULT NULL,
  `morphology_confidence` float DEFAULT NULL,
  `created_at` datetime NOT NULL,
  PRIMARY KEY (`id`),
  KEY `patient_id` (`patient_id`),
  CONSTRAINT `analysis_results_ibfk_1` FOREIGN KEY (`patient_id`) REFERENCES `patient_details` (`id`)
) ENGINE=InnoDB AUTO_INCREMENT=193 DEFAULT CHARSET=utf8mb4 COLLATE=utf8mb4_0900_ai_ci;
/*!40101 SET character_set_client = @saved_cs_client */;

--
-- Dumping data for table `analysis_results`
--

LOCK TABLES `analysis_results` WRITE;
/*!40000 ALTER TABLE `analysis_results` DISABLE KEYS */;
INSERT INTO `analysis_results` VALUES (1,12,'vhhdd','2026-03-01',88,58,88,'Light Activity','Daily',45,62,0,18,NULL,NULL,'2026-03-01 15:19:30'),(2,19,'bggk','2026-03-06',67,132,89,'b','none',45,62,0,18,NULL,NULL,'2026-03-06 07:58:02'),(3,20,'uy','2026-03-06',32,156,32,'kj','light',45,62,0,18,NULL,NULL,'2026-03-06 08:59:25'),(4,21,'hu','2026-03-07',67,189,78,'hj','none',45,62,0,18,NULL,NULL,'2026-03-07 05:12:51'),(5,21,'hu','2026-03-07',67,189,78,'hj','none',45,62,0,18,NULL,NULL,'2026-03-07 05:22:11'),(6,22,'bn','2026-03-07',67,143,32,'j','none',45,62,0,18,NULL,NULL,'2026-03-07 06:45:27'),(7,22,'bn','2026-03-07',67,143,32,'j','none',45,62,0,18,NULL,NULL,'2026-03-07 06:46:09'),(8,23,'jknnkl','2026-03-07',67,132,78,'hu','light',45,62,0,18,NULL,NULL,'2026-03-07 07:13:39'),(9,24,'jh','2026-03-07',67,132,87,'ui','none',45,62,0,18,NULL,NULL,'2026-03-07 07:20:56'),(10,25,'hgfj','2026-03-07',67,167,78,'yh','none',45,62,0,18,NULL,NULL,'2026-03-07 07:41:03'),(11,26,'mk','2026-03-07',67,132,78,'ui','none',45,62,0,18,NULL,NULL,'2026-03-07 08:05:51'),(12,27,'ravo','2026-03-07',56,132,78,'fr','light',45,62,0,18,NULL,NULL,'2026-03-07 08:45:45'),(13,28,'doee','2026-03-09',45,156,32,'rt','none',45,62,0,18,NULL,NULL,'2026-03-09 07:20:17'),(14,35,'gxcc','2026-03-10',58,152,165,'Sedentary','Daily',45,62,0,18,NULL,NULL,'2026-03-10 07:03:45'),(15,35,'gxcc','2026-03-10',58,152,165,'Sedentary','Daily',45,62,0,18,NULL,NULL,'2026-03-10 07:04:04'),(16,36,'yf','2026-03-10',25,153,25,'Sedentary','Daily',45,62,0,18,NULL,NULL,'2026-03-10 07:56:26'),(17,36,'yf','2026-03-10',25,153,25,'Sedentary','Daily',45,62,0,18,NULL,NULL,'2026-03-10 07:56:37'),(18,37,'bh','2026-03-10',63,132,85,'Sedentary','Daily',45,62,0,18,NULL,NULL,'2026-03-10 08:37:34'),(19,37,'bh','2026-03-10',63,132,85,'Sedentary','Daily',45,62,0,18,NULL,NULL,'2026-03-10 08:39:18'),(20,37,'bh','2026-03-10',63,132,85,'Sedentary','Daily',45,62,0,18,NULL,NULL,'2026-03-10 08:39:39'),(21,39,'gf','2026-03-10',25,123,25,'Light Activity','3-4 times a week',45,62,0,18,NULL,NULL,'2026-03-10 08:42:35'),(22,40,'ggdth','2026-03-10',96,152,58,'Sedentary','Daily',45,62,0,18,NULL,NULL,'2026-03-10 09:04:46'),(23,40,'ggdth','2026-03-10',96,152,58,'Sedentary','Daily',45,62,0,18,NULL,NULL,'2026-03-10 09:05:00'),(24,41,'bhbg','2026-03-10',63,123,32,'Sedentary','Daily',45,62,0,18,NULL,NULL,'2026-03-10 09:26:40'),(25,42,'tg','2026-03-10',25,152,25,'Sedentary','Daily',45,62,0,18,NULL,NULL,'2026-03-10 15:39:03'),(26,42,'tg','2026-03-10',25,152,25,'Sedentary','Daily',45,62,0,18,NULL,NULL,'2026-03-10 15:39:37'),(27,42,'tg','2026-03-10',25,152,25,'Sedentary','Daily',45,62,0,18,NULL,NULL,'2026-03-10 15:39:59'),(28,42,'tg','2026-03-10',25,152,25,'Sedentary','Daily',45,62,0,18,NULL,NULL,'2026-03-10 15:40:20'),(29,43,'ynvvv','2026-03-10',25,132,23,'Light Activity','Daily',45,62,0,18,NULL,NULL,'2026-03-10 15:50:34'),(30,43,'ynvvv','2026-03-10',25,132,23,'Light Activity','Daily',45,62,0,18,NULL,NULL,'2026-03-10 15:50:50'),(31,44,'abc','2026-03-11',33,180,75,'oh','light',45,62,0,18,NULL,NULL,'2026-03-11 08:27:46'),(32,44,'abc','2026-03-11',33,180,75,'oh','light',45,62,0,18,NULL,NULL,'2026-03-11 08:27:48'),(33,44,'abc','2026-03-11',33,180,75,'oh','light',45,62,0,18,NULL,NULL,'2026-03-11 08:29:11'),(34,44,'abc','2026-03-11',33,180,75,'oh','light',45,62,0,18,NULL,NULL,'2026-03-11 08:30:11'),(35,44,'abc','2026-03-11',33,180,75,'oh','light',45,62,0,18,NULL,NULL,'2026-03-11 08:30:39'),(36,45,'Vijay khan','2026-03-11',68,123,55,'Sedentary','Daily',45,62,0,18,NULL,NULL,'2026-03-11 08:37:34'),(37,46,'girijv','2026-03-11',55,123,59,'Sedentary','Daily',45,62,0,18,NULL,NULL,'2026-03-11 08:39:03'),(38,46,'girijv','2026-03-11',55,123,59,'Sedentary','Daily',45,62,0,18,NULL,NULL,'2026-03-11 08:46:11'),(39,46,'girijv','2026-03-11',55,123,59,'Sedentary','Daily',45,62,0,18,NULL,NULL,'2026-03-11 09:05:18'),(40,46,'girijv','2026-03-11',55,123,59,'Sedentary','Daily',45,62,0,18,NULL,NULL,'2026-03-11 09:08:11'),(41,46,'girijv','2026-03-11',55,123,59,'Sedentary','Daily',45,62,0,18,NULL,NULL,'2026-03-11 09:27:51'),(42,46,'girijv','2026-03-11',55,123,59,'Sedentary','Daily',45,62,0,18,NULL,NULL,'2026-03-11 09:28:14'),(43,48,'john','2026-03-12',25,165,63,'Light Activity','3-4 times a week',45,62,0,18,NULL,NULL,'2026-03-12 05:18:20'),(44,50,'john','2026-03-12',25,178,72,'Sedentary','Daily',45,62,0,18,NULL,NULL,'2026-03-12 05:26:54'),(45,51,'abc','2026-03-11',33,180,75,'oh','none',45,62,0,18,NULL,NULL,'2026-03-12 07:21:43'),(46,51,'abc','2026-03-11',33,180,75,'oh','none',45,62,0,18,NULL,NULL,'2026-03-12 07:36:35'),(47,53,'johnnn','2026-03-12',45,133,89,'gh','none',45,62,0,18,NULL,NULL,'2026-03-12 07:41:05'),(48,54,'johnnn','2026-03-12',45,133,89,'gh','none',0,0,0,0,NULL,NULL,'2026-03-12 08:46:33'),(49,54,'johnnn','2026-03-12',45,133,89,'gh','none',0,0,0,0,NULL,NULL,'2026-03-12 08:55:43'),(50,54,'johnnn','2026-03-12',45,133,89,'gh','none',26,32,4,43,'Abnormal_Sperm',0.83,'2026-03-12 09:06:32'),(51,54,'johnnn','2026-03-12',45,133,89,'gh','none',29,13,6,42,'Abnormal_Sperm',0.99,'2026-03-12 09:06:54'),(52,54,'johnnn','2026-03-12',45,133,89,'gh','none',99,56,49,7,'Normal_Sperm',0.87,'2026-03-12 09:07:30'),(53,54,'johnnn','2026-03-12',45,133,89,'gh','none',120,51,60,7,'Normal_Sperm',0.91,'2026-03-12 09:10:31'),(54,54,'johnnn','2026-03-12',45,133,89,'gh','none',17,15,7,41,'Abnormal_Sperm',0.84,'2026-03-12 09:11:10'),(55,56,'johnnn','2026-03-12',45,133,89,'gh','none',26,16,0,41,'Abnormal_Sperm',0.95,'2026-03-12 09:32:30'),(56,57,'johnnn','2026-03-12',45,133,89,'gh','none',77,52,68,9,'Normal_Sperm',0.8,'2026-03-12 09:33:52'),(57,57,'johnnn','2026-03-12',45,133,89,'gh','none',12,33,15,25,'Abnormal_Sperm',0.76,'2026-03-12 09:35:01'),(58,58,'pradeep','2026-03-12',32,132,56,'driver','none',101,61,41,5,'Normal_Sperm',0.93,'2026-03-12 15:52:27'),(59,59,'ch','2026-03-13',25,152,32,'Sedentary','Daily',15,16,9,40,'Abnormal_Sperm',0.95,'2026-03-13 03:15:49'),(60,60,'gu','2026-03-13',85,125,58,'Sedentary','Daily',40,64,72,12,'Normal_Sperm',0.83,'2026-03-13 03:17:13'),(61,61,'pradeep','2026-03-12',32,132,56,'driver','none',11,28,9,34,'Abnormal_Sperm',0.8,'2026-03-13 03:20:02'),(62,62,'maddy','2026-03-13',34,152,65,'g','light',58,79,73,10,'Normal_Sperm',0.84,'2026-03-13 03:55:25'),(63,63,'fhihh','2026-03-13',25,152,32,'Sedentary','Daily',23,30,13,30,'Abnormal_Sperm',0.97,'2026-03-13 04:39:27'),(64,63,'fhihh','2026-03-13',25,152,32,'Sedentary','Daily',31,25,4,30,'Abnormal_Sperm',0.86,'2026-03-13 04:40:01'),(65,64,'madd','2026-03-13',25,152,38,'Sedentary','3-4 times a week',29,24,0,36,'Abnormal_Sperm',0.83,'2026-03-13 07:28:58'),(66,64,'madd','2026-03-13',25,152,38,'Sedentary','3-4 times a week',46,69,52,8,'Normal_Sperm',0.92,'2026-03-13 07:34:49'),(67,65,'hu','2026-03-13',55,136,52,'Sedentary','Daily',22,21,2,30,'Abnormal_Sperm',0.78,'2026-03-13 07:49:30'),(68,65,'hu','2026-03-13',55,136,52,'Sedentary','Daily',13,27,1,30,'Abnormal_Sperm',0.77,'2026-03-13 07:50:08'),(69,66,'hc','2026-03-13',25,153,25,'Sedentary','Daily',32,19,15,44,'Abnormal_Sperm',0.82,'2026-03-13 07:50:59'),(70,66,'hc','2026-03-13',25,153,25,'Sedentary','Daily',27,31,9,34,'Abnormal_Sperm',0.85,'2026-03-13 07:51:22'),(71,66,'hc','2026-03-13',25,153,25,'Sedentary','Daily',98,64,51,6,'Normal_Sperm',0.87,'2026-03-13 07:51:27'),(72,67,'maddy','2026-03-13',34,152,65,'g','none',50,81,74,5,'Normal_Sperm',0.75,'2026-03-13 07:53:07'),(73,67,'maddy','2026-03-13',34,152,65,'g','none',120,60,71,12,'Normal_Sperm',0.76,'2026-03-13 07:53:30'),(74,67,'maddy','2026-03-13',34,152,65,'g','none',85,51,71,14,'Normal_Sperm',0.85,'2026-03-13 07:53:49'),(75,67,'maddy','2026-03-13',34,152,65,'g','none',29,11,3,34,'Abnormal_Sperm',0.78,'2026-03-13 07:54:10'),(76,67,'maddy','2026-03-13',34,152,65,'g','none',25,27,13,26,'Abnormal_Sperm',0.82,'2026-03-13 07:54:25'),(77,67,'maddy','2026-03-13',34,152,65,'g','none',12,21,1,27,'Abnormal_Sperm',0.84,'2026-03-13 07:54:41'),(78,67,'maddy','2026-03-13',34,152,65,'g','none',23,28,8,43,'Abnormal_Sperm',0.82,'2026-03-13 07:55:16'),(79,67,'maddy','2026-03-13',34,152,65,'g','none',35,33,12,45,'Abnormal_Sperm',0.89,'2026-03-13 07:55:40'),(80,67,'maddy','2026-03-13',34,152,65,'g','none',47,77,58,10,'Normal_Sperm',0.81,'2026-03-13 07:58:08'),(81,67,'maddy','2026-03-13',34,152,65,'g','none',21,34,9,34,'Abnormal_Sperm',0.88,'2026-03-13 07:59:01'),(82,67,'maddy','2026-03-13',34,152,65,'g','none',100,77,63,11,'Normal_Sperm',0.8,'2026-03-13 07:59:20'),(83,67,'maddy','2026-03-13',34,152,65,'g','none',26,29,2,44,'Abnormal_Sperm',0.85,'2026-03-13 07:59:38'),(84,68,'td','2026-03-13',25,152,52,'Sedentary','3-4 times a week',46,56,57,6,'Normal_Sperm',0.91,'2026-03-13 08:20:57'),(85,68,'td','2026-03-13',25,152,52,'Sedentary','3-4 times a week',46,56,57,6,'Normal_Sperm',0.91,'2026-03-13 08:21:03'),(86,68,'td','2026-03-13',25,152,52,'Sedentary','3-4 times a week',46,56,57,6,'Normal_Sperm',0.91,'2026-03-13 08:21:18'),(87,68,'td','2026-03-13',25,152,52,'Sedentary','3-4 times a week',107,77,40,15,'Normal_Sperm',0.92,'2026-03-13 08:21:47'),(88,68,'td','2026-03-13',25,152,52,'Sedentary','3-4 times a week',107,77,40,15,'Normal_Sperm',0.92,'2026-03-13 08:22:33'),(89,68,'td','2026-03-13',25,152,52,'Sedentary','3-4 times a week',107,77,40,15,'Normal_Sperm',0.92,'2026-03-13 08:22:47'),(90,68,'td','2026-03-13',25,152,52,'Sedentary','3-4 times a week',30,11,8,30,'Abnormal_Sperm',0.93,'2026-03-13 08:23:06'),(91,68,'td','2026-03-13',25,152,52,'Sedentary','3-4 times a week',21,17,0,34,'Abnormal_Sperm',0.85,'2026-03-13 08:23:31'),(92,68,'td','2026-03-13',25,152,52,'Sedentary','3-4 times a week',21,17,0,34,'Abnormal_Sperm',0.85,'2026-03-13 08:23:45'),(93,68,'td','2026-03-13',25,152,52,'Sedentary','3-4 times a week',58,72,43,9,'Normal_Sperm',0.82,'2026-03-13 08:24:01'),(94,68,'td','2026-03-13',25,152,52,'Sedentary','3-4 times a week',58,72,43,9,'Normal_Sperm',0.82,'2026-03-13 08:24:12'),(95,68,'td','2026-03-13',25,152,52,'Sedentary','3-4 times a week',46,56,57,6,'Normal_Sperm',0.91,'2026-03-13 08:26:08'),(96,70,'uijh','2026-03-15',36,123,53,'Sedentary','Daily',46,56,57,6,'Normal_Sperm',0.91,'2026-03-15 12:58:43'),(97,70,'uijh','2026-03-15',36,123,53,'Sedentary','Daily',46,56,57,6,'Normal_Sperm',0.91,'2026-03-15 12:58:48'),(98,70,'uijh','2026-03-15',36,123,53,'Sedentary','Daily',46,56,57,6,'Normal_Sperm',0.91,'2026-03-15 12:58:57'),(99,70,'uijh','2026-03-15',36,123,53,'Sedentary','Daily',46,56,57,6,'Normal_Sperm',0.91,'2026-03-15 12:59:00'),(100,71,'fg','2026-03-15',25,152,52,'Sedentary','Daily',46,56,57,6,'Normal_Sperm',0.91,'2026-03-15 13:00:55'),(101,72,'phine','2026-03-15',25,152,32,'Sedentary','Daily',46,56,57,6,'Normal_Sperm',0.91,'2026-03-15 13:04:04'),(102,73,'phine','2026-03-15',25,132,23,'Sedentary','Daily',46,56,57,6,'Normal_Sperm',0.91,'2026-03-15 13:14:08'),(103,74,'hi','2026-03-15',52,152,32,'Sedentary','Daily',46,56,57,6,'Normal_Sperm',0.91,'2026-03-15 13:22:36'),(104,75,'ghui','2026-03-15',25,152,32,'Sedentary','Daily',46,56,57,6,'Normal_Sperm',0.91,'2026-03-15 13:32:17'),(105,76,'gc','2026-03-15',25,132,52,'Sedentary','3-4 times a week',46,56,57,6,'Normal_Sperm',0.91,'2026-03-15 13:33:11'),(106,77,'gh','2026-03-15',25,152,32,'Sedentary','Daily',46,56,57,6,'Normal_Sperm',0.91,'2026-03-15 13:43:37'),(107,77,'gh','2026-03-15',25,152,32,'Sedentary','Daily',46,56,57,6,'Normal_Sperm',0.91,'2026-03-15 13:43:54'),(108,78,'ty','2026-03-15',25,152,32,'Sedentary','Daily',46,56,57,6,'Normal_Sperm',0.91,'2026-03-15 13:50:46'),(109,78,'ty','2026-03-15',25,152,32,'Sedentary','Daily',46,56,57,6,'Normal_Sperm',0.91,'2026-03-15 13:50:55'),(110,79,'fr','2026-03-15',52,152,32,'Sedentary','Daily',35,22,8,30,'Abnormal_Sperm',0.93,'2026-03-15 13:57:38'),(111,79,'fr','2026-03-15',52,152,32,'Sedentary','Daily',27,12,12,26,'Abnormal_Sperm',0.86,'2026-03-15 13:58:44'),(112,80,'tg','2026-03-16',25,152,32,'Sedentary','Daily',11,18,7,28,'Abnormal_Sperm',0.91,'2026-03-16 03:56:21'),(113,81,'ph','2026-03-16',25,152,32,'Sedentary','Daily',13,23,4,26,'Abnormal_Sperm',0.83,'2026-03-16 04:51:13'),(114,81,'ph','2026-03-16',25,152,32,'Sedentary','Daily',29,20,12,44,'Abnormal_Sperm',0.96,'2026-03-16 04:51:22'),(115,82,'giri','2026-03-16',25,152,32,'Sedentary','Daily',19,34,6,32,'Abnormal_Sperm',0.77,'2026-03-16 04:59:27'),(116,83,'vuh','2026-03-16',25,152,32,'Sedentary','Daily',92,74,71,10,'Normal_Sperm',0.92,'2026-03-16 05:03:37'),(117,85,'gi','2026-03-16',25,153,32,'Sedentary','Daily',117,59,64,14,'Normal_Sperm',0.89,'2026-03-16 08:12:39'),(118,85,'gi','2026-03-16',25,153,32,'Sedentary','Daily',22,23,7,33,'Abnormal_Sperm',0.78,'2026-03-16 08:12:50'),(119,86,'jj','2026-03-16',32,152,88,'fjjjj','none',19,30,14,39,'Abnormal_Sperm',0.76,'2026-03-16 09:20:05'),(120,87,'vighneshwar','2026-03-16',21,180,50,'Moderate Activity','Never',31,13,1,31,'Abnormal_Sperm',0.96,'2026-03-16 09:33:14'),(121,88,'prudhvi','2026-03-19',21,150,55,'Light Activity','Never',53,81,64,10,'Normal_Sperm',0.98,'2026-03-20 03:44:54'),(122,89,'vikas','2026-03-20',26,152,36,'Sedentary','Daily',18,32,2,25,'Abnormal_Sperm',0.79,'2026-03-20 03:45:58'),(123,89,'vikas','2026-03-20',26,152,36,'Sedentary','Daily',21,23,8,39,'Abnormal_Sperm',0.76,'2026-03-20 03:46:07'),(124,89,'vikas','2026-03-20',26,152,36,'Sedentary','Daily',32,13,11,42,'Abnormal_Sperm',0.78,'2026-03-20 03:46:12'),(125,89,'vikas','2026-03-20',26,152,36,'Sedentary','Daily',73,74,57,8,'Normal_Sperm',0.88,'2026-03-20 03:46:18'),(126,90,'bh','2026-03-20',25,152,36,'Sedentary','Daily',32,15,0,34,'Abnormal_Sperm',0.9,'2026-03-20 03:52:23'),(127,90,'bh','2026-03-20',25,152,36,'Sedentary','Daily',32,15,0,34,'Abnormal_Sperm',0.9,'2026-03-20 03:52:28'),(128,90,'bh','2026-03-20',25,152,36,'Sedentary','Daily',24,34,12,30,'Abnormal_Sperm',0.84,'2026-03-20 03:52:37'),(129,90,'bh','2026-03-20',25,152,36,'Sedentary','Daily',43,83,52,10,'Normal_Sperm',0.78,'2026-03-20 03:53:02'),(130,90,'bh','2026-03-20',25,152,36,'Sedentary','Daily',43,83,52,10,'Normal_Sperm',0.78,'2026-03-20 03:53:08'),(131,91,'vijb','2026-03-20',25,152,36,'Sedentary','Daily',24,34,12,30,'Abnormal_Sperm',0.84,'2026-03-20 03:54:11'),(132,91,'vijb','2026-03-20',25,152,36,'Sedentary','Daily',24,34,12,30,'Abnormal_Sperm',0.84,'2026-03-20 03:54:17'),(133,91,'vijb','2026-03-20',25,152,36,'Sedentary','Daily',43,83,52,10,'Normal_Sperm',0.78,'2026-03-20 03:54:26'),(134,91,'vijb','2026-03-20',25,152,36,'Sedentary','Daily',43,83,52,10,'Normal_Sperm',0.78,'2026-03-20 03:54:40'),(135,91,'vijb','2026-03-20',25,152,36,'Sedentary','Daily',32,15,0,34,'Abnormal_Sperm',0.9,'2026-03-20 03:54:52'),(136,91,'vijb','2026-03-20',25,152,36,'Sedentary','Daily',32,15,0,34,'Abnormal_Sperm',0.9,'2026-03-20 03:55:02'),(137,91,'vijb','2026-03-20',25,152,36,'Sedentary','Daily',32,15,0,34,'Abnormal_Sperm',0.9,'2026-03-20 04:00:03'),(138,91,'vijb','2026-03-20',25,152,36,'Sedentary','Daily',24,34,12,30,'Abnormal_Sperm',0.84,'2026-03-20 04:00:21'),(139,91,'vijb','2026-03-20',25,152,36,'Sedentary','Daily',43,83,52,10,'Normal_Sperm',0.78,'2026-03-20 04:00:53'),(140,92,'giyu','2026-03-20',43,132,52,'so','none',56,53,47,9,'Normal_Sperm',0.95,'2026-03-20 04:09:22'),(141,92,'giyu','2026-03-20',43,132,52,'so','none',93,58,73,12,'Normal_Sperm',0.89,'2026-03-20 04:10:47'),(142,92,'giyu','2026-03-20',43,132,52,'so','none',24,34,8,27,'Abnormal_Sperm',0.81,'2026-03-20 04:11:59'),(143,93,'hg','2026-03-20',32,152,36,'GJ','none',40,64,69,10,'Normal_Sperm',0.88,'2026-03-20 05:24:40'),(144,93,'hg','2026-03-20',32,152,36,'GJ','none',40,64,69,10,'Normal_Sperm',0.88,'2026-03-20 06:00:04'),(145,93,'hg','2026-03-20',32,152,36,'GJ','none',93,58,73,12,'Normal_Sperm',0.89,'2026-03-20 06:01:17'),(146,93,'hg','2026-03-20',32,152,36,'GJ','none',99,81,56,11,'Normal_Sperm',0.97,'2026-03-20 06:01:32'),(147,93,'hg','2026-03-20',32,152,36,'GJ','none',40,64,69,10,'Normal_Sperm',0.88,'2026-03-20 06:15:58'),(148,94,'patel','2026-03-20',23,152,35,'Sedentary','Daily',43,83,52,10,'Normal_Sperm',0.78,'2026-03-20 06:42:13'),(149,95,'patel','2026-03-20',23,152,35,'Sedentary','Daily',95,59,56,13,'Normal_Sperm',0.82,'2026-03-20 06:44:45'),(150,95,'patel','2026-03-20',23,152,35,'Sedentary','Daily',24,34,12,30,'Abnormal_Sperm',0.84,'2026-03-20 06:44:58'),(151,96,'patel','2026-03-20',25,132,152,'Sedentary','Daily',24,34,12,30,'Abnormal_Sperm',0.84,'2026-03-20 06:46:23'),(152,96,'patel','2026-03-20',25,132,152,'Sedentary','Daily',71,58,62,11,'Normal_Sperm',0.97,'2026-03-20 06:46:50'),(153,96,'patel','2026-03-20',25,132,152,'Sedentary','Daily',71,58,62,11,'Normal_Sperm',0.97,'2026-03-20 06:50:49'),(154,96,'patel','2026-03-20',25,132,152,'Sedentary','Daily',71,58,62,11,'Normal_Sperm',0.97,'2026-03-20 06:51:59'),(155,97,'karen','2026-03-20',32,156,32,'sedentary','none',32,10,0,34,'Abnormal_Sperm',0.85,'2026-03-20 07:00:32'),(156,97,'karen','2026-03-20',32,156,32,'sedentary','none',40,64,69,10,'Normal_Sperm',0.88,'2026-03-20 07:01:29'),(157,98,'gh','2026-03-20',23,152,32,'gh','none',78,83,62,14,'Normal_Sperm',0.89,'2026-03-20 09:47:15'),(158,98,'gh','2026-03-20',23,152,32,'gh','none',45,57,5,14,'Normal_Sperm',0.990701,'2026-03-20 15:13:53'),(159,98,'gh','2026-03-20',23,152,32,'gh','none',22,11,2,46,'Abnormal_Sperm',0.997639,'2026-03-20 15:15:05'),(160,98,'gh','2026-03-20',23,152,32,'gh','none',90,65,14,13,'Normal_Sperm',0.999532,'2026-03-20 15:15:55'),(161,102,'cg','2026-03-20',52,152,35,'Sedentary','Daily',66,70,14,5,'Normal_Sperm',0.999971,'2026-03-20 15:59:19'),(162,45,'Vijay khan','2026-03-11',68,123,55,'Sedentary','Daily',14,5,1,31,'Abnormal_Sperm',0.988759,'2026-03-21 10:44:32'),(167,103,'peter','2026-03-21',32,172,87,'re','none',17,17,2,30,'Abnormal_Sperm',0.988759,'2026-03-21 16:21:17'),(168,45,'Vijay khan','2026-03-11',68,123,55,'Sedentary','Daily',20,5,1,32,'Abnormal_Sperm',0.999722,'2026-03-21 16:27:01'),(170,104,'steve','2026-03-21',32,132,20,'fghw','none',48,80,7,9,'Normal_Sperm',0.988621,'2026-03-21 16:36:47'),(178,110,'kpoi','2026-03-22',25,152,23,'Sedentary','Daily',66,70,14,5,'Normal_Sperm',0.999971,'2026-03-22 12:13:50'),(179,110,'kpoi','2026-03-22',25,152,23,'Sedentary','Daily',66,70,14,5,'Normal_Sperm',0.999971,'2026-03-22 12:35:34'),(180,110,'kpoi','2026-03-22',25,152,23,'Sedentary','Daily',66,70,14,5,'Normal_Sperm',0.999971,'2026-03-24 03:25:38'),(183,112,'ugan','2026-03-17',45,132,22,'gt','none',98,66,9,11,'Normal_Sperm',0.967153,'2026-03-24 03:56:39'),(184,113,'taran','2026-03-24',25,152,32,'Sedentary','Daily',66,70,14,5,'Normal_Sperm',0.999971,'2026-03-24 04:12:10'),(185,113,'taran','2026-03-24',25,152,32,'Sedentary','Daily',87,54,9,10,'Normal_Sperm',0.999335,'2026-03-24 04:14:52'),(186,113,'taran','2026-03-24',25,152,32,'Sedentary','Daily',13,23,0,38,'Abnormal_Sperm',0.998145,'2026-03-24 04:18:56'),(187,113,'taran','2026-03-24',25,152,32,'Sedentary','Daily',15,25,0,33,'Abnormal_Sperm',0.890343,'2026-03-24 04:19:24'),(188,113,'taran','2026-03-24',25,152,32,'Sedentary','Daily',87,54,9,10,'Normal_Sperm',0.999335,'2026-03-24 04:19:39'),(189,113,'taran','2026-03-24',25,152,32,'Sedentary','Daily',18,10,1,35,'Abnormal_Sperm',0.9985,'2026-03-24 04:19:55'),(190,113,'taran','2026-03-24',25,152,32,'Sedentary','Daily',13,9,0,31,'Abnormal_Sperm',0.765158,'2026-03-24 07:28:13'),(191,113,'taran','2026-03-24',25,152,32,'Sedentary','Daily',14,17,0,50,'Abnormal_Sperm',0.765158,'2026-03-24 07:28:13'),(192,114,'ugan','2026-03-17',45,132,22,'gt','none',52,65,7,6,'Normal_Sperm',0.997418,'2026-03-26 03:53:12');
/*!40000 ALTER TABLE `analysis_results` ENABLE KEYS */;
UNLOCK TABLES;

--
-- Table structure for table `patient_details`
--

DROP TABLE IF EXISTS `patient_details`;
/*!40101 SET @saved_cs_client     = @@character_set_client */;
/*!50503 SET character_set_client = utf8mb4 */;
CREATE TABLE `patient_details` (
  `id` int NOT NULL AUTO_INCREMENT,
  `patient_name` varchar(120) NOT NULL,
  `visit_date` date NOT NULL,
  `age` int NOT NULL,
  `height_cm` float NOT NULL,
  `weight_kg` float NOT NULL,
  `occupation` varchar(120) NOT NULL,
  `exercise_frequency` varchar(120) NOT NULL,
  `created_at` datetime NOT NULL,
  PRIMARY KEY (`id`)
) ENGINE=InnoDB AUTO_INCREMENT=115 DEFAULT CHARSET=utf8mb4 COLLATE=utf8mb4_0900_ai_ci;
/*!40101 SET character_set_client = @saved_cs_client */;

--
-- Dumping data for table `patient_details`
--

LOCK TABLES `patient_details` WRITE;
/*!40000 ALTER TABLE `patient_details` DISABLE KEYS */;
INSERT INTO `patient_details` VALUES (1,'Vijay Prasanna','2026-02-19',22,172,68,'Engineering Student','3 times per week','2026-02-19 04:49:58'),(2,'giri','2026-02-19',36,152,53,'Sedentary','3-4 times a week','2026-02-19 07:53:53'),(3,'bhanujfzz','2026-02-19',58,152,68,'Light Activity','3-4 times a week','2026-02-19 08:11:58'),(4,'hi','2026-02-20',55,152,66,'Sedentary','3-4 times a week','2026-02-20 04:22:56'),(5,'gfgh','2026-02-20',52,153,89,'Sedentary','3-4 times a week','2026-02-20 07:11:18'),(6,'fhdtyst truth','2026-02-20',83,152,86,'Sedentary','3-4 times a week','2026-02-20 07:26:06'),(7,'rt','2026-02-20',66,152,25,'Sedentary','Daily','2026-02-20 08:41:30'),(8,'f','2026-02-24',52,132,52,'Sedentary','3-4 times a week','2026-02-24 05:26:20'),(9,'cxs','2026-02-26',55,5655,52,'Sedentary','Daily','2026-02-26 03:33:32'),(10,'kira','2026-02-28',52,132,53,'Sedentary','Daily','2026-02-28 08:22:58'),(11,'giri','2026-02-28',36,686,685,'Light Activity','Daily','2026-02-28 15:40:15'),(12,'vhhdd','2026-03-01',88,58,88,'Light Activity','Daily','2026-03-01 15:19:10'),(13,'hujb','2026-03-06',67,145,75,'s','none','2026-03-06 03:57:39'),(14,'john','2026-03-06',56,145,37,'kj','none','2026-03-06 04:07:20'),(15,'kijnoi','2026-03-06',66,152,90,'biuivyih','none','2026-03-06 06:24:44'),(16,' jbjk','2026-03-06',87,138,89,'lk','none','2026-03-06 06:38:03'),(17,'uo','2026-03-06',56,132,32,'vb','none','2026-03-06 07:04:26'),(18,'hnljbk','2026-03-06',32,132,88,'jj','none','2026-03-06 07:22:32'),(19,'bggk','2026-03-06',67,132,89,'b','none','2026-03-06 07:40:18'),(20,'uy','2026-03-06',32,156,32,'kj','light','2026-03-06 08:06:50'),(21,'hu','2026-03-07',67,189,78,'hj','none','2026-03-07 05:04:00'),(22,'bn','2026-03-07',67,143,32,'j','none','2026-03-07 06:44:53'),(23,'jknnkl','2026-03-07',67,132,78,'hu','light','2026-03-07 07:13:12'),(24,'jh','2026-03-07',67,132,87,'ui','none','2026-03-07 07:20:19'),(25,'hgfj','2026-03-07',67,167,78,'yh','none','2026-03-07 07:40:23'),(26,'mk','2026-03-07',67,132,78,'ui','none','2026-03-07 08:05:24'),(27,'ravo','2026-03-07',56,132,78,'fr','light','2026-03-07 08:44:54'),(28,'doee','2026-03-09',45,156,32,'rt','none','2026-03-09 07:19:50'),(29,'Vi','2026-03-10',24,153,53,'Sedentary','Rarely','2026-03-10 04:28:15'),(30,'Vi','2026-03-10',24,153,53,'Sedentary','Rarely','2026-03-10 04:28:16'),(31,'Vi','2026-03-10',24,153,53,'Sedentary','Rarely','2026-03-10 04:28:16'),(32,'john','2026-03-10',59,123,63,'Sedentary','3-4 times a week','2026-03-10 04:59:16'),(33,'hh','2026-03-10',25,123,25,'Sedentary','Daily','2026-03-10 05:09:41'),(34,'kj','2026-03-10',56,142,52,'Sedentary','Daily','2026-03-10 06:19:32'),(35,'gxcc','2026-03-10',58,152,165,'Sedentary','Daily','2026-03-10 07:03:19'),(36,'yf','2026-03-10',25,153,25,'Sedentary','Daily','2026-03-10 07:56:02'),(37,'bh','2026-03-10',63,132,85,'Sedentary','Daily','2026-03-10 08:37:01'),(38,'gf','2026-03-10',25,123,25,'Light Activity','3-4 times a week','2026-03-10 08:42:13'),(39,'gf','2026-03-10',25,123,25,'Light Activity','3-4 times a week','2026-03-10 08:42:13'),(40,'ggdth','2026-03-10',96,152,58,'Sedentary','Daily','2026-03-10 09:04:00'),(41,'bhbg','2026-03-10',63,123,32,'Sedentary','Daily','2026-03-10 09:25:46'),(42,'tg','2026-03-10',25,152,25,'Sedentary','Daily','2026-03-10 15:38:43'),(43,'ynvvv','2026-03-10',25,132,23,'Light Activity','Daily','2026-03-10 15:50:14'),(44,'abc','2026-03-11',33,180,75,'oh','light','2026-03-11 08:26:52'),(45,'Vijay khan','2026-03-11',68,123,55,'Sedentary','Daily','2026-03-11 08:37:09'),(46,'girijv','2026-03-11',55,123,59,'Sedentary','Daily','2026-03-11 08:38:48'),(47,'john','2026-03-12',25,152,36,'Sedentary','Daily','2026-03-12 05:11:16'),(48,'john','2026-03-12',25,165,63,'Light Activity','3-4 times a week','2026-03-12 05:17:50'),(49,'john','2026-03-12',25,172,65,'Sedentary','Daily','2026-03-12 05:20:42'),(50,'john','2026-03-12',25,178,72,'Sedentary','Daily','2026-03-12 05:26:19'),(51,'abc','2026-03-11',33,180,75,'oh','none','2026-03-12 07:21:11'),(52,'john','2026-03-12',33,134,75,'gh','light','2026-03-12 07:39:37'),(53,'johnnn','2026-03-12',45,133,89,'gh','none','2026-03-12 07:40:33'),(54,'johnnn','2026-03-12',45,133,89,'gh','none','2026-03-12 08:46:07'),(55,'johnnn','2026-03-12',45,133,89,'gh','none','2026-03-12 09:26:42'),(56,'johnnn','2026-03-12',45,133,89,'gh','none','2026-03-12 09:32:10'),(57,'johnnn','2026-03-12',45,133,89,'gh','none','2026-03-12 09:33:25'),(58,'pradeep','2026-03-12',32,132,56,'driver','none','2026-03-12 15:51:58'),(59,'ch','2026-03-13',25,152,32,'Sedentary','Daily','2026-03-13 03:14:21'),(60,'gu','2026-03-13',85,125,58,'Sedentary','Daily','2026-03-13 03:16:55'),(61,'pradeep','2026-03-12',32,132,56,'driver','none','2026-03-13 03:19:28'),(62,'maddy','2026-03-13',34,152,65,'g','light','2026-03-13 03:54:53'),(63,'fhihh','2026-03-13',25,152,32,'Sedentary','Daily','2026-03-13 04:39:05'),(64,'madd','2026-03-13',25,152,38,'Sedentary','3-4 times a week','2026-03-13 07:28:33'),(65,'hu','2026-03-13',55,136,52,'Sedentary','Daily','2026-03-13 07:49:11'),(66,'hc','2026-03-13',25,153,25,'Sedentary','Daily','2026-03-13 07:50:39'),(67,'maddy','2026-03-13',34,152,65,'g','none','2026-03-13 07:52:37'),(68,'td','2026-03-13',25,152,52,'Sedentary','3-4 times a week','2026-03-13 08:20:35'),(69,'maddy','2026-03-13',34,152,65,'g','none','2026-03-14 07:02:12'),(70,'uijh','2026-03-15',36,123,53,'Sedentary','Daily','2026-03-15 12:58:22'),(71,'fg','2026-03-15',25,152,52,'Sedentary','Daily','2026-03-15 13:00:41'),(72,'phine','2026-03-15',25,152,32,'Sedentary','Daily','2026-03-15 13:03:53'),(73,'phine','2026-03-15',25,132,23,'Sedentary','Daily','2026-03-15 13:13:48'),(74,'hi','2026-03-15',52,152,32,'Sedentary','Daily','2026-03-15 13:22:15'),(75,'ghui','2026-03-15',25,152,32,'Sedentary','Daily','2026-03-15 13:31:58'),(76,'gc','2026-03-15',25,132,52,'Sedentary','3-4 times a week','2026-03-15 13:32:55'),(77,'gh','2026-03-15',25,152,32,'Sedentary','Daily','2026-03-15 13:43:17'),(78,'ty','2026-03-15',25,152,32,'Sedentary','Daily','2026-03-15 13:50:26'),(79,'fr','2026-03-15',52,152,32,'Sedentary','Daily','2026-03-15 13:57:19'),(80,'tg','2026-03-16',25,152,32,'Sedentary','Daily','2026-03-16 03:55:52'),(81,'ph','2026-03-16',25,152,32,'Sedentary','Daily','2026-03-16 04:50:52'),(82,'giri','2026-03-16',25,152,32,'Sedentary','Daily','2026-03-16 04:59:06'),(83,'vuh','2026-03-16',25,152,32,'Sedentary','Daily','2026-03-16 05:03:18'),(84,'gi','2026-03-16',25,153,32,'Sedentary','Daily','2026-03-16 08:12:15'),(85,'gi','2026-03-16',25,153,32,'Sedentary','Daily','2026-03-16 08:12:15'),(86,'jj','2026-03-16',32,152,88,'fjjjj','none','2026-03-16 09:19:20'),(87,'vighneshwar','2026-03-16',21,180,50,'Moderate Activity','Never','2026-03-16 09:31:15'),(88,'prudhvi','2026-03-19',21,150,55,'Light Activity','Never','2026-03-20 03:44:03'),(89,'vikas','2026-03-20',26,152,36,'Sedentary','Daily','2026-03-20 03:45:23'),(90,'bh','2026-03-20',25,152,36,'Sedentary','Daily','2026-03-20 03:51:53'),(91,'vijb','2026-03-20',25,152,36,'Sedentary','Daily','2026-03-20 03:53:53'),(92,'giyu','2026-03-20',43,132,52,'so','none','2026-03-20 04:08:53'),(93,'hg','2026-03-20',32,152,36,'GJ','none','2026-03-20 05:24:11'),(94,'patel','2026-03-20',23,152,35,'Sedentary','Daily','2026-03-20 06:40:58'),(95,'patel','2026-03-20',23,152,35,'Sedentary','Daily','2026-03-20 06:44:02'),(96,'patel','2026-03-20',25,132,152,'Sedentary','Daily','2026-03-20 06:46:07'),(97,'karen','2026-03-20',32,156,32,'sedentary','none','2026-03-20 06:59:58'),(98,'gh','2026-03-20',23,152,32,'gh','none','2026-03-20 09:46:35'),(99,'hh','2026-03-20',32,152,36,'Sedentary','Daily','2026-03-20 15:24:38'),(100,'gv','2026-03-20',25,152,32,'Sedentary','3-4 times a week','2026-03-20 15:36:11'),(101,'gu','2026-03-20',52,152,32,'Light Activity','3-4 times a week','2026-03-20 15:48:58'),(102,'cg','2026-03-20',52,152,35,'Sedentary','Daily','2026-03-20 15:58:00'),(103,'peter','2026-03-21',32,172,87,'re','none','2026-03-21 16:10:16'),(104,'steve','2026-03-21',32,132,20,'fghw','none','2026-03-21 16:36:19'),(105,'cg','2026-03-20',52,152,35,'Sedentary','Daily','2026-03-22 11:47:38'),(106,'cg','2026-03-20',52,152,35,'Sedentary','Daily','2026-03-22 11:48:17'),(107,'cg','2026-03-20',52,152,35,'Sedentary','Daily','2026-03-22 11:55:51'),(108,'cg','2026-03-20',52,152,35,'Sedentary','Daily','2026-03-22 11:57:28'),(109,'cg','2026-03-20',52,152,35,'Sedentary','Daily','2026-03-22 12:12:43'),(110,'kpoi','2026-03-22',25,152,23,'Sedentary','Daily','2026-03-22 12:13:35'),(111,'maddy','2026-03-13',34,152,65,'g','none','2026-03-23 07:16:27'),(112,'ugan','2026-03-17',45,132,22,'gt','none','2026-03-24 03:52:35'),(113,'taran','2026-03-24',25,152,32,'Sedentary','Daily','2026-03-24 04:11:36'),(114,'ugan','2026-03-17',45,132,22,'gt','none','2026-03-26 03:52:41');
/*!40000 ALTER TABLE `patient_details` ENABLE KEYS */;
UNLOCK TABLES;

--
-- Table structure for table `sample_uploads`
--

DROP TABLE IF EXISTS `sample_uploads`;
/*!40101 SET @saved_cs_client     = @@character_set_client */;
/*!50503 SET character_set_client = utf8mb4 */;
CREATE TABLE `sample_uploads` (
  `id` int NOT NULL AUTO_INCREMENT,
  `user_id` int DEFAULT NULL,
  `sample_type` varchar(20) NOT NULL,
  `file_path` varchar(255) NOT NULL,
  `uploaded_at` datetime NOT NULL,
  PRIMARY KEY (`id`)
) ENGINE=InnoDB AUTO_INCREMENT=174 DEFAULT CHARSET=utf8mb4 COLLATE=utf8mb4_0900_ai_ci;
/*!40101 SET character_set_client = @saved_cs_client */;

--
-- Dumping data for table `sample_uploads`
--

LOCK TABLES `sample_uploads` WRITE;
/*!40000 ALTER TABLE `sample_uploads` DISABLE KEYS */;
INSERT INTO `sample_uploads` VALUES (1,NULL,'image','uploads\\Screenshot_2026-02-20-12-59-10-32_bf7bd75ad7c1b94ddf358837e36f24fb.jpg','2026-02-20 08:42:22'),(2,NULL,'video','uploads\\VID20260203083509.mp4','2026-02-20 08:42:22'),(3,NULL,'image','uploads\\image.jpg','2026-02-24 05:27:40'),(4,NULL,'video','uploads\\video.mp4','2026-02-24 05:27:40'),(5,NULL,'image','uploads\\image.jpg','2026-02-26 03:34:33'),(6,NULL,'video','uploads\\video.mp4','2026-02-26 03:34:33'),(7,NULL,'image','uploads\\image_1.jpg','2026-02-28 08:23:27'),(8,NULL,'image','uploads\\image_2.jpg','2026-02-28 08:33:27'),(9,NULL,'image','uploads\\image_3.jpg','2026-02-28 15:40:34'),(10,NULL,'image','uploads\\image_4.jpg','2026-03-01 15:19:30'),(11,NULL,'image','uploads\\Normal_Sperm_8.bmp','2026-03-06 07:58:02'),(12,NULL,'image','uploads\\Normal_Sperm_8_1.bmp','2026-03-06 08:59:25'),(13,NULL,'image','uploads\\Normal_Sperm_8_2.bmp','2026-03-07 05:12:50'),(14,NULL,'image','uploads\\Normal_Sperm_8_3.bmp','2026-03-07 05:22:11'),(15,NULL,'image','uploads\\Normal_Sperm_8_4.bmp','2026-03-07 06:45:27'),(16,NULL,'image','uploads\\Normal_Sperm_77.bmp','2026-03-07 06:46:09'),(17,NULL,'image','uploads\\Normal_Sperm_9.bmp','2026-03-07 07:13:39'),(18,NULL,'image','uploads\\Normal_Sperm_75.bmp','2026-03-07 07:20:56'),(19,NULL,'image','uploads\\Normal_Sperm_8_5.bmp','2026-03-07 07:20:56'),(20,NULL,'image','uploads\\Normal_Sperm_78.bmp','2026-03-07 07:41:03'),(21,NULL,'image','uploads\\Normal_Sperm_9_1.bmp','2026-03-07 08:05:51'),(22,NULL,'image','uploads\\Normal_Sperm_9_2.bmp','2026-03-07 08:45:45'),(23,NULL,'image','uploads\\Normal_Sperm_76.bmp','2026-03-07 08:45:45'),(24,NULL,'image','uploads\\Normal_Sperm_76_1.bmp','2026-03-09 07:20:17'),(25,NULL,'image','uploads\\image_5.jpg','2026-03-10 07:03:45'),(26,NULL,'image','uploads\\image_6.jpg','2026-03-10 07:04:04'),(27,NULL,'image','uploads\\image_7.jpg','2026-03-10 07:56:26'),(28,NULL,'image','uploads\\image_8.jpg','2026-03-10 07:56:37'),(29,NULL,'image','uploads\\image_9.jpg','2026-03-10 08:37:34'),(30,NULL,'image','uploads\\image_10.jpg','2026-03-10 08:39:18'),(31,NULL,'image','uploads\\image_11.jpg','2026-03-10 08:39:39'),(32,NULL,'image','uploads\\image_12.jpg','2026-03-10 08:42:35'),(33,NULL,'image','uploads\\image_13.jpg','2026-03-10 09:04:45'),(34,NULL,'image','uploads\\image_14.jpg','2026-03-10 09:05:00'),(35,NULL,'image','uploads\\image_15.jpg','2026-03-10 09:26:40'),(36,NULL,'image','uploads\\image_16.jpg','2026-03-10 15:39:03'),(37,NULL,'image','uploads\\image_17.jpg','2026-03-10 15:39:37'),(38,NULL,'image','uploads\\image_18.jpg','2026-03-10 15:39:37'),(39,NULL,'image','uploads\\image_19.jpg','2026-03-10 15:39:59'),(40,NULL,'image','uploads\\image_20.jpg','2026-03-10 15:39:59'),(41,NULL,'image','uploads\\image_21.jpg','2026-03-10 15:40:20'),(42,NULL,'image','uploads\\image_22.jpg','2026-03-10 15:40:20'),(43,NULL,'image','uploads\\image_23.jpg','2026-03-10 15:50:34'),(44,NULL,'image','uploads\\image_24.jpg','2026-03-10 15:50:50'),(45,NULL,'image','uploads\\Screenshot_2026-03-10_134435.png','2026-03-11 08:27:46'),(46,NULL,'image','uploads\\Screenshot_2026-03-10_134435_1.png','2026-03-11 08:27:48'),(47,NULL,'image','uploads\\Screenshot_2026-03-10_134435_2.png','2026-03-11 08:29:11'),(48,NULL,'image','uploads\\Non-Sperm_88.bmp','2026-03-11 08:29:11'),(49,NULL,'image','uploads\\Screenshot_2026-03-10_134435_3.png','2026-03-11 08:30:10'),(50,NULL,'image','uploads\\Non-Sperm_88_1.bmp','2026-03-11 08:30:10'),(51,NULL,'image','uploads\\Non-Sperm_89.bmp','2026-03-11 08:30:39'),(52,NULL,'image','uploads\\image_25.jpg','2026-03-11 08:37:34'),(53,NULL,'image','uploads\\image_26.jpg','2026-03-11 08:39:03'),(54,NULL,'image','uploads\\Non-Sperm_88_2.bmp','2026-03-11 08:46:11'),(55,NULL,'image','uploads\\dummy.jpg','2026-03-11 09:05:18'),(56,NULL,'image','uploads\\Non-Sperm_88_3.bmp','2026-03-11 09:08:11'),(57,NULL,'image','uploads\\Non-Sperm_88_4.bmp','2026-03-11 09:27:50'),(58,NULL,'image','uploads\\Non-Sperm_89_1.bmp','2026-03-11 09:28:14'),(59,NULL,'image','uploads\\image_27.jpg','2026-03-12 05:18:20'),(60,NULL,'image','uploads\\image_28.jpg','2026-03-12 05:26:54'),(61,NULL,'image','uploads\\Non-Sperm_9.bmp','2026-03-12 07:21:43'),(62,NULL,'image','uploads\\Non-Sperm_90.bmp','2026-03-12 07:36:35'),(63,NULL,'image','uploads\\Non-Sperm_9_1.bmp','2026-03-12 07:41:05'),(64,NULL,'image','uploads\\Non-Sperm_9_2.bmp','2026-03-12 08:46:33'),(65,NULL,'image','uploads\\Non-Sperm_88_5.bmp','2026-03-12 08:55:43'),(66,NULL,'image','uploads\\Non-Sperm_90_1.bmp','2026-03-12 09:06:32'),(67,NULL,'image','uploads\\Non-Sperm_92.bmp','2026-03-12 09:06:54'),(68,NULL,'image','uploads\\Normal_Sperm_75_1.bmp','2026-03-12 09:07:30'),(69,NULL,'image','uploads\\Normal_Sperm_75_2.bmp','2026-03-12 09:10:31'),(70,NULL,'image','uploads\\Non-Sperm_90_2.bmp','2026-03-12 09:11:10'),(71,NULL,'image','uploads\\Non-Sperm_89_2.bmp','2026-03-12 09:32:30'),(72,NULL,'image','uploads\\Normal_Sperm_8_6.bmp','2026-03-12 09:33:52'),(73,NULL,'image','uploads\\Non-Sperm_89_3.bmp','2026-03-12 09:35:01'),(74,NULL,'image','uploads\\Non-Sperm_88_6.bmp','2026-03-12 15:52:27'),(75,NULL,'image','uploads\\image_29.jpg','2026-03-13 03:15:49'),(76,NULL,'image','uploads\\image_30.jpg','2026-03-13 03:17:13'),(77,NULL,'image','uploads\\Non-Sperm_90_3.bmp','2026-03-13 03:20:02'),(78,NULL,'image','uploads\\Non-Sperm_92_1.bmp','2026-03-13 03:55:25'),(79,NULL,'image','uploads\\image_31.jpg','2026-03-13 04:39:27'),(80,NULL,'image','uploads\\image_32.jpg','2026-03-13 04:40:01'),(81,NULL,'image','uploads\\image_33.jpg','2026-03-13 07:28:58'),(82,NULL,'image','uploads\\Normal_Sperm_997.bmp','2026-03-13 07:34:49'),(83,NULL,'image','uploads\\image_34.jpg','2026-03-13 07:49:30'),(84,NULL,'image','uploads\\image_35.jpg','2026-03-13 07:50:07'),(85,NULL,'image','uploads\\image_36.jpg','2026-03-13 07:50:59'),(86,NULL,'image','uploads\\image_37.jpg','2026-03-13 07:51:21'),(87,NULL,'image','uploads\\image_38.jpg','2026-03-13 07:51:26'),(88,NULL,'image','uploads\\Non-Sperm_9_3.bmp','2026-03-13 07:53:07'),(89,NULL,'image','uploads\\Non-Sperm_9_4.bmp','2026-03-13 07:53:30'),(90,NULL,'image','uploads\\Non-Sperm_9_5.bmp','2026-03-13 07:53:49'),(91,NULL,'image','uploads\\Non-Sperm_88_7.bmp','2026-03-13 07:54:10'),(92,NULL,'image','uploads\\Non-Sperm_88_8.bmp','2026-03-13 07:54:25'),(93,NULL,'image','uploads\\Non-Sperm_88_9.bmp','2026-03-13 07:54:40'),(94,NULL,'image','uploads\\Non-Sperm_9_6.bmp','2026-03-13 07:55:16'),(95,NULL,'image','uploads\\Non-Sperm_9_7.bmp','2026-03-13 07:55:40'),(96,NULL,'image','uploads\\Normal_Sperm_8_7.bmp','2026-03-13 07:58:08'),(97,NULL,'image','uploads\\Normal_Sperm_8_8.bmp','2026-03-13 07:59:01'),(98,NULL,'image','uploads\\Normal_Sperm_8_9.bmp','2026-03-13 07:59:20'),(99,NULL,'image','uploads\\Normal_Sperm_8_10.bmp','2026-03-13 07:59:38'),(100,NULL,'image','uploads\\image_39.jpg','2026-03-13 08:20:57'),(101,NULL,'image','uploads\\image_40.jpg','2026-03-13 08:21:03'),(102,NULL,'image','uploads\\image_41.jpg','2026-03-13 08:21:18'),(103,NULL,'image','uploads\\Normal_Sperm_8_11.bmp','2026-03-13 08:21:47'),(104,NULL,'image','uploads\\Normal_Sperm_8_12.bmp','2026-03-13 08:22:33'),(105,NULL,'image','uploads\\Normal_Sperm_8_13.bmp','2026-03-13 08:22:47'),(106,NULL,'image','uploads\\Normal_Sperm_75_3.bmp','2026-03-13 08:23:06'),(107,NULL,'image','uploads\\Normal_Sperm_76_2.bmp','2026-03-13 08:23:31'),(108,NULL,'image','uploads\\Normal_Sperm_76_3.bmp','2026-03-13 08:23:45'),(109,NULL,'image','uploads\\Normal_Sperm_79.bmp','2026-03-13 08:24:01'),(110,NULL,'image','uploads\\Normal_Sperm_79_1.bmp','2026-03-13 08:24:12'),(111,NULL,'image','uploads\\image_42.jpg','2026-03-13 08:26:08'),(112,NULL,'image','uploads\\image_43.jpg','2026-03-15 12:58:43'),(113,NULL,'image','uploads\\image_44.jpg','2026-03-15 12:58:48'),(114,NULL,'image','uploads\\image_45.jpg','2026-03-15 12:58:57'),(115,NULL,'image','uploads\\image_46.jpg','2026-03-15 12:59:00'),(116,NULL,'image','uploads\\image_47.jpg','2026-03-15 13:00:55'),(117,NULL,'image','uploads\\image_48.jpg','2026-03-15 13:04:04'),(118,NULL,'image','uploads\\image_49.jpg','2026-03-15 13:14:08'),(119,NULL,'image','uploads\\image_50.jpg','2026-03-15 13:22:36'),(120,NULL,'image','uploads\\image_51.jpg','2026-03-15 13:32:17'),(121,NULL,'image','uploads\\image_52.jpg','2026-03-15 13:33:11'),(122,NULL,'image','uploads\\image_53.jpg','2026-03-15 13:43:37'),(123,NULL,'image','uploads\\image_54.jpg','2026-03-15 13:43:54'),(124,NULL,'image','uploads\\image_55.jpg','2026-03-15 13:50:46'),(125,NULL,'image','uploads\\image_56.jpg','2026-03-15 13:50:55'),(126,NULL,'image','uploads\\image_1773583055592.jpg','2026-03-15 13:57:38'),(127,NULL,'image','uploads\\image_1773583122488.jpg','2026-03-15 13:58:44'),(128,NULL,'image','uploads\\image_1773633380126.jpg','2026-03-16 03:56:21'),(129,NULL,'image','uploads\\image_1773636672551.jpg','2026-03-16 04:51:13'),(130,NULL,'image','uploads\\image_1773636681634.jpg','2026-03-16 04:51:22'),(131,NULL,'image','uploads\\image_1773637166138.jpg','2026-03-16 04:59:27'),(132,NULL,'image','uploads\\image_1773637415936.jpg','2026-03-16 05:03:37'),(133,NULL,'image','uploads\\image_1773648757601.jpg','2026-03-16 08:12:39'),(134,NULL,'image','uploads\\image_1773648769313.jpg','2026-03-16 08:12:50'),(135,NULL,'image','uploads\\Normal_Sperm_9_3.bmp','2026-03-16 09:20:05'),(136,NULL,'image','uploads\\image_1773653593686.jpg','2026-03-16 09:33:14'),(137,NULL,'image','uploads\\image_1773978294140.jpg','2026-03-20 03:44:54'),(138,NULL,'image','uploads\\image_1773978346962.jpg','2026-03-20 03:45:58'),(139,NULL,'image','uploads\\image_1773978366517.jpg','2026-03-20 03:46:07'),(140,NULL,'image','uploads\\image_1773978372011.jpg','2026-03-20 03:46:12'),(141,NULL,'image','uploads\\image_1773978378586.jpg','2026-03-20 03:46:18'),(142,NULL,'image','uploads\\image_1773978743567.jpg','2026-03-20 03:52:23'),(143,NULL,'image','uploads\\image_1773978747903.jpg','2026-03-20 03:52:28'),(144,NULL,'image','uploads\\image_1773978757010.jpg','2026-03-20 03:52:37'),(145,NULL,'image','uploads\\image_1773978781945.jpg','2026-03-20 03:53:02'),(146,NULL,'image','uploads\\image_1773978787687.jpg','2026-03-20 03:53:08'),(147,NULL,'image','uploads\\image_1773978851002.jpg','2026-03-20 03:54:11'),(148,NULL,'image','uploads\\image_1773978857153.jpg','2026-03-20 03:54:17'),(149,NULL,'image','uploads\\image_1773978866357.jpg','2026-03-20 03:54:26'),(150,NULL,'image','uploads\\image_1773978880367.jpg','2026-03-20 03:54:40'),(151,NULL,'image','uploads\\image_1773978892519.jpg','2026-03-20 03:54:52'),(152,NULL,'image','uploads\\image_1773978902389.jpg','2026-03-20 03:55:02'),(153,NULL,'image','uploads\\image_1773979202028.jpg','2026-03-20 04:00:02'),(154,NULL,'image','uploads\\image_1773979220395.jpg','2026-03-20 04:00:20'),(155,NULL,'image','uploads\\image_1773979252561.jpg','2026-03-20 04:00:53'),(156,NULL,'image','uploads\\Normal_Sperm_9_4.bmp','2026-03-20 04:09:22'),(157,NULL,'image','uploads\\Non-Sperm_88_10.bmp','2026-03-20 04:10:47'),(158,NULL,'image','uploads\\Abnormal_Sperm_93.bmp','2026-03-20 04:11:59'),(159,NULL,'image','uploads\\2c218ef55d530c9c178faba6d6676262.jpg','2026-03-20 05:24:40'),(160,NULL,'image','uploads\\2c218ef55d530c9c178faba6d6676262_1.jpg','2026-03-20 06:00:04'),(161,NULL,'image','uploads\\Non-Sperm_88_11.bmp','2026-03-20 06:01:17'),(162,NULL,'image','uploads\\Normal_Sperm_8_14.bmp','2026-03-20 06:01:32'),(163,NULL,'image','uploads\\2c218ef55d530c9c178faba6d6676262_2.jpg','2026-03-20 06:15:58'),(164,NULL,'image','uploads\\image_1773988932693.jpg','2026-03-20 06:42:13'),(165,NULL,'image','uploads\\image_1773989084443.jpg','2026-03-20 06:44:45'),(166,NULL,'image','uploads\\image_1773989098153.jpg','2026-03-20 06:44:58'),(167,NULL,'image','uploads\\image_1773989182819.jpg','2026-03-20 06:46:23'),(168,NULL,'image','uploads\\image_1773989209587.jpg','2026-03-20 06:46:50'),(169,NULL,'image','uploads\\image_1773989446231.jpg','2026-03-20 06:50:48'),(170,NULL,'image','uploads\\image_1773989519289.jpg','2026-03-20 06:51:59'),(171,NULL,'image','uploads\\download.jpg','2026-03-20 07:00:32'),(172,NULL,'image','uploads\\2c218ef55d530c9c178faba6d6676262_3.jpg','2026-03-20 07:01:28'),(173,NULL,'image','uploads\\990.jpg','2026-03-20 09:47:15');
/*!40000 ALTER TABLE `sample_uploads` ENABLE KEYS */;
UNLOCK TABLES;

--
-- Table structure for table `users`
--

DROP TABLE IF EXISTS `users`;
/*!40101 SET @saved_cs_client     = @@character_set_client */;
/*!50503 SET character_set_client = utf8mb4 */;
CREATE TABLE `users` (
  `id` int NOT NULL AUTO_INCREMENT,
  `username` varchar(100) NOT NULL,
  `email` varchar(120) NOT NULL,
  `password` varchar(200) NOT NULL,
  `created_at` datetime NOT NULL,
  `reset_otp` varchar(10) DEFAULT NULL,
  `reset_otp_expiry` datetime DEFAULT NULL,
  `reset_otp_verified` tinyint(1) NOT NULL,
  PRIMARY KEY (`id`),
  UNIQUE KEY `email` (`email`)
) ENGINE=InnoDB AUTO_INCREMENT=30 DEFAULT CHARSET=utf8mb4 COLLATE=utf8mb4_0900_ai_ci;
/*!40101 SET character_set_client = @saved_cs_client */;

--
-- Dumping data for table `users`
--

LOCK TABLES `users` WRITE;
/*!40000 ALTER TABLE `users` DISABLE KEYS */;
INSERT INTO `users` VALUES (1,'uk','uk@gmail.com','uk','2026-02-19 04:09:42',NULL,NULL,0),(2,'ukkkkk','ukkkkhh@gmail.cim','ukuk','2026-02-19 04:53:12',NULL,NULL,0),(3,'u','u@gmail.com','u','2026-02-20 04:22:28',NULL,NULL,0),(4,'uu','uu@gmail.com','uu','2026-02-24 05:25:35',NULL,NULL,0),(5,'ar','ar@gmail.com','123','2026-02-28 08:45:11',NULL,NULL,0),(6,'arr','atr@gmail.com','yt','2026-02-28 14:42:22',NULL,NULL,0),(7,'arr','attr@gmail.com','yt','2026-02-28 14:42:27',NULL,NULL,0),(8,'u','uy@gmail.com','1234','2026-03-05 08:32:18',NULL,NULL,0),(9,'husvhdbb','uyt@gmail.com','12345','2026-03-05 08:32:57',NULL,NULL,0),(10,'hg','uytt@gmail.com','1234','2026-03-06 07:26:49',NULL,NULL,0),(11,'r','vijayprasannapadmanathan111@gmail.com','vijaY@12','2026-03-09 17:43:22','668977','2026-03-16 07:13:27',1),(12,'po','po@gmail.com','1234567890','2026-03-10 04:23:44',NULL,NULL,0),(13,'rasu','gu@gmail.com','u','2026-03-10 16:50:33',NULL,NULL,0),(14,'tt','tt@gmail.com','tt','2026-03-11 03:39:26',NULL,NULL,0),(15,'pugh','pt@gmail.cpm','p','2026-03-11 08:18:04',NULL,NULL,0),(16,'k','k@gmail.com','1','2026-03-12 05:10:30',NULL,NULL,0),(17,'Vijay','vijayprasanna@gmail.com','1234567','2026-03-12 05:16:22',NULL,NULL,0),(18,'Prasanna','prasanna@gmail.com','1234567','2026-03-12 05:17:17',NULL,NULL,0),(19,'prasanna','prasannap@gmail.com','1234567','2026-03-12 07:20:47',NULL,NULL,0),(20,'m','m@gmail.com','m','2026-03-13 03:13:54',NULL,NULL,0),(21,'Vijay','vijayprasannap0160.sse@saveetha.com','123','2026-03-13 03:47:51',NULL,NULL,0),(22,'um','um@gmail.com','12','2026-03-16 05:22:06',NULL,NULL,0),(23,'gfff','v@gmail.com','v','2026-03-16 05:28:19',NULL,NULL,0),(24,'gfff','v@gmail.c','v','2026-03-16 05:29:35',NULL,NULL,0),(25,'nadidevigneshwarreddy','nadidevigneshwarreddy@gmail.com','Vinnu@984','2026-03-16 09:27:56',NULL,NULL,0),(26,'vijaypp','vika@gmail.com','vijaY@12','2026-03-20 03:43:12',NULL,NULL,0),(27,'gg','g@gmail.com','vijaY@12','2026-03-20 03:51:17',NULL,NULL,0),(28,'gkih','vijayprasannapadmanathaan111@gmail.com','vijaY@12','2026-03-20 04:05:58',NULL,NULL,0),(29,'surya','surya@gmail.com','vijaY@12','2026-03-20 06:38:58',NULL,NULL,0);
/*!40000 ALTER TABLE `users` ENABLE KEYS */;
UNLOCK TABLES;
/*!40103 SET TIME_ZONE=@OLD_TIME_ZONE */;

/*!40101 SET SQL_MODE=@OLD_SQL_MODE */;
/*!40014 SET FOREIGN_KEY_CHECKS=@OLD_FOREIGN_KEY_CHECKS */;
/*!40014 SET UNIQUE_CHECKS=@OLD_UNIQUE_CHECKS */;
/*!40101 SET CHARACTER_SET_CLIENT=@OLD_CHARACTER_SET_CLIENT */;
/*!40101 SET CHARACTER_SET_RESULTS=@OLD_CHARACTER_SET_RESULTS */;
/*!40101 SET COLLATION_CONNECTION=@OLD_COLLATION_CONNECTION */;
/*!40111 SET SQL_NOTES=@OLD_SQL_NOTES */;

-- Dump completed on 2026-03-27 11:10:32
